,Model,Precision,Recall,F1,Acc,TPR,FPR,LRPOS,LRNEG,ROC
0,MLP,95.88309092059762,95.84589197492424,95.77970349063428,95.84589197492424,0.9854619092956128,0.11904761904761903,11.543697390095364,0.016556238490318353,0.933207145123997
1,SVM,88.4269332690961,86.99879603105411,85.45220605314651,86.99879603105411,0.993766151335177,0.4851190476190476,2.0837129716945886,0.01168283255602473,0.7543235518580647
2,Random Forest,96.23115950327413,96.00116245277535,95.86527642507282,96.00116245277535,1.0,0.15476190476190474,7.542857142857142,0.0,0.9226190476190476
3,Majority-Voting-Ensemble,96.45132241160137,96.30838211483373,96.20556943620466,96.30838211483373,0.9979296066252588,0.1369047619047619,9.532919254658387,0.002615233736515193,0.9305124223602484
